FILE	SEQUENCE	START	END	STRAND	GENE	COVERAGE	COVERAGE_MAP	GAPS	%COVERAGE	%IDENTITY	DATABASE	ACCESSION	PRODUCT	RESISTANCE
consensus.fasta	contig_1	2762417	2763610	+	blaPAO_1	1-1194/1194	===============	0/0	100.00	100.00	resfinder	AY083595	blaPAO	
consensus.fasta	contig_1	2775942	2776747	-	aph(3')-IIb_2	1-807/807	========/======	1/1	99.88	98.51	resfinder	CP006832	aph(3')-IIb	
consensus.fasta	contig_1	3821348	3822135	-	blaOXA-50_1	1-789/789	========/======	1/1	99.87	99.75	resfinder	AY306130	blaOXA-50	Amoxicillin;Ampicillin
consensus.fasta	contig_1	5058711	5058908	-	crpP_1	1-198/198	===============	0/0	100.00	98.99	resfinder	HM560971	crpP	Ciprofloxacin
consensus.fasta	contig_1	5427031	5427669	-	catB7_1	1-639/639	===============	0/0	100.00	99.69	resfinder	AF036933	catB7	Chloramphenicol
consensus.fasta	contig_1	5468010	5468875	-	sul1_5	1-867/867	========/======	1/1	99.88	99.77	resfinder	EU780013	sul1	Sulfamethoxazole
consensus.fasta	contig_1	5469346	5469879	-	ant(2'')-Ia_6	1-534/534	===============	0/0	100.00	100.00	resfinder	AJ871915	ant(2'')-Ia	Gentamicin;Tobramycin
consensus.fasta	contig_1	6038429	6038836	+	fosA_4	1-408/408	===============	0/0	100.00	98.78	resfinder	ACWU01000146	fosA	Fosfomycin
consensus.fasta	contig_1	307853	308987	-	exoY	1-1137/1137	========/======	2/2	99.82	99.56	vfdb	NP_250881	(exoY) type III secretion system effector ExoY adenylate cyclase [ExoY (VF0099)] [Pseudomonas aeruginosa PAO1]	
consensus.fasta	contig_1	483974	484960	+	pvcA	1-987/987	===============	0/0	100.00	99.59	vfdb	NP_250944	(pvcA) paerucumarin biosynthesis protein PvcA [pyoverdine (IA001)] [Pseudomonas aeruginosa PAO1]	
consensus.fasta	contig_1	484978	485851	+	pvcB	1-876/876	========/======	2/2	99.77	99.66	vfdb	NP_250945	(pvcB) paerucumarin biosynthesis protein PvcB [pyoverdine (IA001)] [Pseudomonas aeruginosa PAO1]	
consensus.fasta	contig_1	485903	487404	+	pvcC	1-1503/1503	========/======	1/1	99.93	99.53	vfdb	NP_250946	(pvcC) paerucumarin biosynthesis protein PvcC [pyoverdine (IA001)] [Pseudomonas aeruginosa PAO1]	
consensus.fasta	contig_1	487397	488040	+	pvcD	1-646/648	========/======	2/2	99.38	99.54	vfdb	NP_250947	(pvcD) paerucumarin biosynthesis protein PvcD [pyoverdine (IA001)] [Pseudomonas aeruginosa PAO1]	
consensus.fasta	contig_1	488276	489214	-	ptxR	1-939/939	===============	0/0	100.00	99.68	vfdb	NP_250948	(ptxR) transcriptional regulator PtxR [pyoverdine (IA001)] [Pseudomonas aeruginosa PAO1]	
consensus.fasta	contig_1	636753	639039	-	pvdQ	1-2289/2289	========/======	2/2	99.91	99.43	vfdb	NP_251075	(pvdQ) 3-oxo-C12-homoserine lactone acylase PvdQ [pyoverdine (IA001)] [Pseudomonas aeruginosa PAO1]	
consensus.fasta	contig_1	639162	640493	-	pvdA	1-1332/1332	===============	0/0	100.00	99.62	vfdb	NP_251076	(pvdA) L-ornithine N5-oxygenase PvdA [Pyoverdine (VF0094)] [Pseudomonas aeruginosa PAO1]	
consensus.fasta	contig_1	647007	648637	-	pvdP	1-1635/1635	========/======	4/4	99.76	98.84	vfdb	NP_251082	(pvdP) tyrosinase required for pyoverdine maturation  [pyoverdine (IA001)] [Pseudomonas aeruginosa PAO1]	
consensus.fasta	contig_1	648853	650196	+	pvdM	1-1347/1347	========/======	3/3	99.78	99.33	vfdb	NP_251083	(pvdM) dipeptidase precursor [pyoverdine (IA001)] [Pseudomonas aeruginosa PAO1]	
consensus.fasta	contig_1	650219	651501	+	pvdN	1-1284/1284	========/======	1/1	99.92	99.69	vfdb	NP_251084	(pvdN) pyoverdine biosynthesis protein PvdN [pyoverdine (IA001)] [Pseudomonas aeruginosa PAO1]	
consensus.fasta	contig_1	651530	652383	+	pvdO	1-855/855	========/======	1/1	99.88	98.60	vfdb	NP_251085	(pvdO) pyoverdine biosynthesis protein PvdO [pyoverdine (IA001)] [Pseudomonas aeruginosa PAO1]	
consensus.fasta	contig_1	652451	653278	-	pvdF	1-828/828	===============	0/0	100.00	99.64	vfdb	NP_251086	(pvdF) pyoverdine synthetase F [pyoverdine (IA001)] [Pseudomonas aeruginosa PAO1]	
consensus.fasta	contig_1	653656	655304	+	pvdE	1-1650/1650	========/======	1/1	99.94	99.52	vfdb	NP_251087	(pvdE) pyoverdine biosynthesis protein PvdE [Pyoverdine (VF0094)] [Pseudomonas aeruginosa PAO1]	
consensus.fasta	contig_1	655407	657853	+	fpvA	1-2448/2448	========/======	1/1	99.96	99.47	vfdb	NP_251088	(fpvA) ferripyoverdine receptor FpvA [Pyoverdine (VF0094)] [Pseudomonas aeruginosa PAO1]	
consensus.fasta	contig_1	658017	665357	-	pvdD	1-7347/7347	========/======	5/6	99.92	99.10	vfdb	NP_251089	(pvdD) pyoverdine synthetase D [Pyoverdine (VF0094)] [Pseudomonas aeruginosa PAO1]	
consensus.fasta	contig_1	665369	671837	-	pvdJ	1-6474/6474	========/======	5/5	99.92	99.21	vfdb	NP_251090	(pvdJ) pyoverdine biosynthesis protein PvdJ [pyoverdine (IA001)] [Pseudomonas aeruginosa PAO1]	
consensus.fasta	contig_1	671937	687377	-	pvdI	1-15450/15450	========/======	13/21	99.90	98.71	vfdb	NP_251092	(pvdI) peptide synthase [pyoverdine (IA001)] [Pseudomonas aeruginosa PAO1]	
consensus.fasta	contig_1	694742	694958	-	mbtH-like	1-219/219	========/======	1/2	99.09	99.09	vfdb	NP_251102	(mbtH-like) MbtH-like protein from the pyoverdine cluster [pyoverdine (IA001)] [Pseudomonas aeruginosa PAO1]	
consensus.fasta	contig_1	695036	696445	-	pvdH	1-1410/1410	===============	0/0	100.00	99.93	vfdb	NP_251103	(pvdH) diaminobutyrate-2-oxoglutarate aminotransferase PvdH [pyoverdine (IA001)] [Pseudomonas aeruginosa PAO1]	
consensus.fasta	contig_1	708738	721759	-	pvdL	1-13029/13029	========/======	6/7	99.95	99.39	vfdb	NP_251114	(pvdL) peptide synthase PvdL [pyoverdine (IA001)] [Pseudomonas aeruginosa PAO1]	
consensus.fasta	contig_1	721832	722594	-	pvdG	1-765/765	========/======	2/2	99.74	99.08	vfdb	NP_251115	(pvdG) pyoverdine biosynthesis protein PvdG [pyoverdine (IA001)] [Pseudomonas aeruginosa PAO1]	
consensus.fasta	contig_1	723238	723804	+	pvdS	1-564/564	========/======	1/3	100.00	99.47	vfdb	NP_251116	(pvdS) extracytoplasmic-function sigma-70 factor  [Pyoverdine (VF0094)] [Pseudomonas aeruginosa PAO1]	
consensus.fasta	contig_1	1238380	1238856	+	tse2	1-477/477	===============	0/0	100.00	100.00	vfdb	NP_251392	(tse2) type VI secretion system effector Tse2 [HSI-1 (Hcp-secretion island 1) (SS178)] [Pseudomonas aeruginosa PAO1]	
consensus.fasta	contig_1	1688547	1689071	-	xcpZ	1-525/525	===============	0/0	100.00	98.86	vfdb	NP_251785	(xcpZ) general secretion pathway protein M [xcp secretion system (VF0084)] [Pseudomonas aeruginosa PAO1]	
consensus.fasta	contig_1	1689073	1690221	-	xcpY	1-1149/1149	===============	0/0	100.00	99.65	vfdb	NP_251786	(xcpY) general secretion pathway protein L [xcp secretion system (VF0084)] [Pseudomonas aeruginosa PAO1]	
consensus.fasta	contig_1	1690218	1691218	-	xcpX	1-1002/1002	========/======	1/1	99.90	99.60	vfdb	NP_251787	(xcpX) general secretion pathway protein K [xcp secretion system (VF0084)] [Pseudomonas aeruginosa PAO1]	
consensus.fasta	contig_1	1691215	1691928	-	xcpW	1-714/714	===============	0/0	100.00	99.44	vfdb	NP_251788	(xcpW) general secretion pathway protein J [xcp secretion system (VF0084)] [Pseudomonas aeruginosa PAO1]	
consensus.fasta	contig_1	1691925	1692314	-	xcpV	1-390/390	===============	0/0	100.00	98.97	vfdb	NP_251789	(xcpV) general secretion pathway protein I [xcp secretion system (VF0084)] [Pseudomonas aeruginosa PAO1]	
consensus.fasta	contig_1	1692311	1692829	-	xcpU	1-519/519	===============	0/0	100.00	99.81	vfdb	NP_251790	(xcpU) general secretion pathway protein H [xcp secretion system (VF0084)] [Pseudomonas aeruginosa PAO1]	
consensus.fasta	contig_1	1692836	1693282	-	xcpT	1-447/447	===============	0/0	100.00	99.55	vfdb	NP_251791	(xcpT) general secretion pathway protein G [xcp secretion system (VF0084)] [Pseudomonas aeruginosa PAO1]	
consensus.fasta	contig_1	1693287	1694504	-	xcpS	1-1218/1218	===============	0/0	100.00	99.92	vfdb	NP_251792	(xcpS) general secretion pathway protein F [xcp secretion system (VF0084)] [Pseudomonas aeruginosa PAO1]	
consensus.fasta	contig_1	1694504	1696012	-	xcpR	1-1509/1509	===============	0/0	100.00	99.54	vfdb	NP_251793	(xcpR) general secretion pathway protein E [xcp secretion system (VF0084)] [Pseudomonas aeruginosa PAO1]	
consensus.fasta	contig_1	1696232	1696938	+	xcpP	1-708/708	========/======	1/1	99.86	99.86	vfdb	NP_251794	(xcpP) secretion protein XcpP [xcp secretion system (VF0084)] [Pseudomonas aeruginosa PAO1]	
consensus.fasta	contig_1	1696943	1698919	+	xcpQ	1-1977/1977	===============	0/0	100.00	99.80	vfdb	NP_251795	(xcpQ) general secretion pathway protein D [xcp secretion system (VF0084)] [Pseudomonas aeruginosa PAO1]	
consensus.fasta	contig_1	1708023	1710781	-	fimV	1-2760/2760	========/======	1/1	99.96	99.89	vfdb	NP_251805	(fimV) putative Type IV pili related protein [Type IV pili (VF0082)] [Pseudomonas aeruginosa PAO1]	
consensus.fasta	contig_1	1966377	1967074	+	flgA	1-699/699	========/======	1/1	99.86	99.57	vfdb	NP_252040	(flgA) flagellar basal body P-ring biosynthesis protein FlgA [Deoxyhexose linking sugar 209 Da capping structure (AI138)] [Pseudomonas aeruginosa PAO1]	
consensus.fasta	contig_1	1967219	1967542	+	flgM	1-324/324	===============	0/0	100.00	99.69	vfdb	NP_252041	(flgM) negative regulator of flagellin synthesis [Deoxyhexose linking sugar 209 Da capping structure (AI138)] [Pseudomonas aeruginosa PAO1]	
consensus.fasta	contig_1	1967597	1968067	+	flgN	1-471/471	===============	0/0	100.00	99.79	vfdb	NP_252042	(flgN) flagella synthesis protein FlgN [Deoxyhexose linking sugar 209 Da capping structure (AI138)] [Pseudomonas aeruginosa PAO1]	
consensus.fasta	contig_1	2101479	2102705	+	tse3	1-1227/1227	===============	0/0	100.00	99.59	vfdb	NP_252174	(tse3) type VI secretion system effector Tse3 glycoside hydrolase  [HSI-1 (Hcp-secretion island 1) (SS178)] [Pseudomonas aeruginosa PAO1]	
consensus.fasta	contig_1	2125496	2126461	-	motY	1-966/966	===============	0/0	100.00	100.00	vfdb	NP_252216	(motY) probable outer membrane protein precursor [Deoxyhexose linking sugar 209 Da capping structure (AI138)] [Pseudomonas aeruginosa PAO1]	
consensus.fasta	contig_1	2142313	2143623	+	algD	1-1311/1311	===============	0/0	100.00	99.92	vfdb	NP_252230	(algD) GDP-mannose 6-dehydrogenase AlgD [Alginate (VF0091)] [Pseudomonas aeruginosa PAO1]	
consensus.fasta	contig_1	2143763	2145246	+	alg8	1-1485/1485	========/======	1/1	99.93	99.73	vfdb	NP_252231	(alg8) alginate-c5-mannuronan-epimerase AlgG [Alginate (VF0091)] [Pseudomonas aeruginosa PAO1]	
consensus.fasta	contig_1	2145329	2146497	+	alg44	1-1170/1170	========/======	1/1	99.91	99.57	vfdb	NP_252232	(alg44) alginate biosynthesis protein Alg8 [Alginate (VF0091)] [Pseudomonas aeruginosa PAO1]	
consensus.fasta	contig_1	2146511	2147937	+	algK	1-1428/1428	========/======	1/1	99.93	99.16	vfdb	NP_252233	(algK) alginate biosynthesis protein Alg44 [Alginate (VF0091)] [Pseudomonas aeruginosa PAO1]	
consensus.fasta	contig_1	2147934	2149405	+	algE	1-1473/1473	========/======	1/1	99.93	99.53	vfdb	NP_252234	(algE) alginate biosynthetic protein AlgK precursor [Alginate (VF0091)] [Pseudomonas aeruginosa PAO1]	
consensus.fasta	contig_1	2149426	2151056	+	algG	1-1632/1632	========/======	1/1	99.94	99.69	vfdb	NP_252235	(algG) outer membrane protein AlgE [Alginate (VF0091)] [Pseudomonas aeruginosa PAO1]	
consensus.fasta	contig_1	2151069	2152493	+	algX	1-1425/1425	========/======	2/2	99.93	99.51	vfdb	NP_252236	(algX) alginate biosynthesis protein AlgX [Alginate (VF0091)] [Pseudomonas aeruginosa PAO1]	
consensus.fasta	contig_1	2152497	2153599	+	algL	1-1104/1104	========/======	1/1	99.91	99.73	vfdb	NP_252237	(algL) poly(beta-d-mannuronate) lyase precursor AlgL [Alginate (VF0091)] [Pseudomonas aeruginosa PAO1]	
consensus.fasta	contig_1	2153828	2155390	+	algI	1-1563/1563	===============	0/0	100.00	99.68	vfdb	NP_252238	(algI) alginate o-acetyltransferase AlgI [Alginate (VF0091)] [Pseudomonas aeruginosa PAO1]	
consensus.fasta	contig_1	2155405	2156580	+	algJ	1-1176/1176	===============	0/0	100.00	99.83	vfdb	NP_252239	(algJ) alginate o-acetyltransferase AlgJ [Alginate (VF0091)] [Pseudomonas aeruginosa PAO1]	
consensus.fasta	contig_1	2156653	2157302	+	algF	1-651/651	========/======	1/1	99.85	99.39	vfdb	NP_252240	(algF) alginate o-acetyltransferase AlgF [Alginate (VF0091)] [Pseudomonas aeruginosa PAO1]	
consensus.fasta	contig_1	2157499	2158944	+	algA	1-1446/1446	===============	0/0	100.00	99.72	vfdb	NP_252241	(algA) phosphomannose isomerase / guanosine 5'-diphospho-D-mannose pyrophosphorylase [Alginate (VF0091)] [Pseudomonas aeruginosa PAO1]	
consensus.fasta	contig_1	2271564	2272914	-	mucP	1-1353/1353	========/======	1/2	99.85	99.56	vfdb	NP_252339	(mucP) metalloprotease protease [Alginate regulation (CVF523)] [Pseudomonas aeruginosa PAO1]	
consensus.fasta	contig_1	2352972	2354468	-	lasB	1-1497/1497	===============	0/0	100.00	99.60	vfdb	NP_252413	(lasB) elastase LasB [LasB (VF0087)] [Pseudomonas aeruginosa PAO1]	
consensus.fasta	contig_1	2448448	2449205	-	pilF	1-759/759	========/======	1/1	99.87	98.95	vfdb	NP_252494	(pilF) type 4 fimbrial biogenesis protein PilF [Type IV pili (VF0082)] [Pseudomonas aeruginosa PAO1]	
consensus.fasta	contig_1	2484626	2485986	-	exoS	1-1362/1362	========/======	1/1	99.93	98.97	vfdb	NP_252530	(exoS) type III secretion system effector ExoS ADP ribosyltransferase activity and GTPase-activating protein activity [ExoS (VF0096)] [Pseudomonas aeruginosa PAO1]	
consensus.fasta	contig_1	2687727	2687996	+	mucE	1-270/270	===============	0/0	100.00	99.63	vfdb	NP_252722	(mucE) small envelope protein MucE [Alginate regulation (CVF523)] [Pseudomonas aeruginosa PAO1]	
consensus.fasta	contig_1	2964556	2965560	-	phzM	1-1005/1005	===============	0/0	100.00	99.70	vfdb	NP_252898	(phzM) phenazine-specific methyltransferase PhzM (adenosylmethionine dependent methyltransferase) [Pyocyanin (VF0100)] [Pseudomonas aeruginosa PAO1]	
consensus.fasta	contig_1	2966257	2966745	+	phzA1	1-489/489	===============	0/0	100.00	99.59	vfdb	NP_252899	(phzA1) phenazine biosynthesis protein PhzA [Phenazines biosynthesis (CVF536)] [Pseudomonas aeruginosa PAO1]	
consensus.fasta	contig_1	2966775	2967263	+	phzB1	1-489/489	===============	0/0	100.00	98.77	vfdb	NP_252900	(phzB1) phenazine biosynthesis protein PhzB [Phenazines biosynthesis (CVF536)] [Pseudomonas aeruginosa PAO1]	
consensus.fasta	contig_1	2967298	2968515	+	phzC1	1-1218/1218	===============	0/0	100.00	99.51	vfdb	NP_252901	(phzC1) phenazine biosynthesis protein PhzC [Phenazines biosynthesis (CVF536)] [Pseudomonas aeruginosa PAO1]	
consensus.fasta	contig_1	2968512	2969135	+	phzD1	1-624/624	===============	0/0	100.00	99.20	vfdb	NP_252902	(phzD1) phenazine biosynthesis protein PhzD isochorismatase  [Phenazines biosynthesis (CVF536)] [Pseudomonas aeruginosa PAO1]	
consensus.fasta	contig_1	2969132	2971015	+	phzE1	1-1884/1884	===============	0/0	100.00	99.47	vfdb	NP_252903	(phzE1) phenazine biosynthesis protein PhzE [Phenazines biosynthesis (CVF536)] [Pseudomonas aeruginosa PAO1]	
consensus.fasta	contig_1	2971029	2971865	+	phzF1	1-837/837	===============	0/0	100.00	99.76	vfdb	NP_252904	(phzF1) phenazine biosynthesis protein PhzF isomerase [Phenazines biosynthesis (CVF536)] [Pseudomonas aeruginosa PAO1]	
consensus.fasta	contig_1	2971891	2972534	+	phzG1	1-645/645	========/======	1/1	99.84	99.69	vfdb	NP_252906	(phzG1) phenazine biosynthesis protein PhzG pyridoxamine 5'-phosphate oxidase [Phenazines biosynthesis (CVF536)] [Pseudomonas aeruginosa PAO1]	
consensus.fasta	contig_1	2972772	2973983	+	phzS	1-1209/1209	========/======	4/9	99.75	97.69	vfdb	NP_252907	(phzS) flavin dependent hydroxylase PhzS [Pyocyanin (VF0100)] [Pseudomonas aeruginosa PAO1]	
consensus.fasta	contig_1	2977103	2979265	-	fptA	1-2163/2163	===============	0/0	100.00	99.49	vfdb	NP_252911	(fptA) Fe(III)-pyochelin receptor precursor [Pyochelin (VF0095)] [Pseudomonas aeruginosa PAO1]	
consensus.fasta	contig_1	2979356	2981079	-	pchI	1-1725/1725	========/======	1/1	99.94	99.07	vfdb	NP_252912	(pchI) ABC transporter ATP-binding protein [Pyochelin (VF0095)] [Pseudomonas aeruginosa PAO1]	
consensus.fasta	contig_1	2981076	2982788	-	pchH	1-1713/1713	===============	0/0	100.00	99.24	vfdb	NP_252913	(pchH) ABC transporter ATP-binding protein [Pyochelin (VF0095)] [Pseudomonas aeruginosa PAO1]	
consensus.fasta	contig_1	2982785	2983833	-	pchG	1-1050/1050	========/======	1/1	99.90	99.43	vfdb	NP_252914	(pchG) pyochelin biosynthetic protein PchG [Pyochelin (VF0095)] [Pseudomonas aeruginosa PAO1]	
consensus.fasta	contig_1	2983830	2989259	-	pchF	1-5430/5430	===============	0/0	100.00	99.28	vfdb	NP_252915	(pchF) pyochelin synthetase PchF [Pyochelin (VF0095)] [Pseudomonas aeruginosa PAO1]	
consensus.fasta	contig_1	2989256	2993571	-	pchE	1-4317/4317	========/======	1/1	99.98	99.49	vfdb	NP_252916	(pchE) dihydroaeruginoic acid synthetase PchE [Pyochelin (VF0095)] [Pseudomonas aeruginosa PAO1]	
consensus.fasta	contig_1	2993764	2994652	-	pchR	1-891/891	========/======	2/2	99.78	99.66	vfdb	NP_252917	(pchR) transcriptional regulator PchR [Pyochelin (VF0095)] [Pseudomonas aeruginosa PAO1]	
consensus.fasta	contig_1	2994882	2996524	+	pchD	1-1644/1644	========/======	1/1	99.94	99.27	vfdb	NP_252918	(pchD) pyochelin biosynthesis protein PchD [Pyochelin (VF0095)] [Pseudomonas aeruginosa PAO1]	
consensus.fasta	contig_1	2996521	2997276	+	pchC	1-756/756	===============	0/0	100.00	99.47	vfdb	NP_252919	(pchC) pyochelin biosynthetic protein PchC [Pyochelin (VF0095)] [Pseudomonas aeruginosa PAO1]	
consensus.fasta	contig_1	2997276	2997581	+	pchB	1-306/306	===============	0/0	100.00	99.67	vfdb	NP_252920	(pchB) salicylate biosynthesis protein PchB [Pyochelin (VF0095)] [Pseudomonas aeruginosa PAO1]	
consensus.fasta	contig_1	2997578	2999007	+	pchA	1-1431/1431	========/======	1/1	99.93	99.37	vfdb	NP_252921	(pchA) salicylate biosynthesis isochorismate synthase PchA [Pyochelin (VF0095)] [Pseudomonas aeruginosa PAO1]	
consensus.fasta	contig_1	3286967	3287578	-	chpE	1-612/612	===============	0/0	100.00	99.35	vfdb	NP_249108	(chpE) probable chemotaxis protein [Type IV pili (VF0082)] [Pseudomonas aeruginosa PAO1]	
consensus.fasta	contig_1	3287654	3288447	-	chpD	1-795/795	========/======	1/1	99.87	99.12	vfdb	NP_249107	(chpD) probable transcriptional regulator [Type IV pili (VF0082)] [Pseudomonas aeruginosa PAO1]	
consensus.fasta	contig_1	3288455	3288961	-	chpC	1-507/507	===============	0/0	100.00	98.62	vfdb	NP_249106	(chpC) probable chemotaxis protein [Type IV pili (VF0082)] [Pseudomonas aeruginosa PAO1]	
consensus.fasta	contig_1	3288958	3289989	-	chpB	1-1032/1032	===============	0/0	100.00	99.42	vfdb	NP_249105	(chpB) probable methylesterase [Type IV pili (VF0082)] [Pseudomonas aeruginosa PAO1]	
consensus.fasta	contig_1	3289982	3297399	-	chpA	1-7419/7419	========/======	1/1	99.99	99.56	vfdb	NP_249104	(chpA) still frameshift probable component of chemotactic signal transduction system [Type IV pili (VF0082)] [Pseudomonas aeruginosa PAO1]	
consensus.fasta	contig_1	3297411	3298285	-	pilK	1-876/876	========/======	1/1	99.89	99.54	vfdb	NP_249103	(pilK) methyltransferase PilK [Type IV pili (VF0082)] [Pseudomonas aeruginosa PAO1]	
consensus.fasta	contig_1	3298346	3300394	-	pilJ	1-2049/2049	===============	0/0	100.00	99.85	vfdb	NP_249102	(pilJ) twitching motility protein PilJ [Type IV pili (VF0082)] [Pseudomonas aeruginosa PAO1]	
consensus.fasta	contig_1	3300479	3301013	-	pilI	1-537/537	========/======	1/2	99.63	99.44	vfdb	NP_249101	(pilI) twitching motility protein PilI [Type IV pili (VF0082)] [Pseudomonas aeruginosa PAO1]	
consensus.fasta	contig_1	3301064	3301429	-	pilH	1-366/366	===============	0/0	100.00	100.00	vfdb	NP_249100	(pilH) twitching motility protein PilH [Type IV pili (VF0082)] [Pseudomonas aeruginosa PAO1]	
consensus.fasta	contig_1	3301476	3301883	-	pilG	1-408/408	===============	0/0	100.00	100.00	vfdb	NP_249099	(pilG) twitching motility protein PilG [Type IV pili (VF0082)] [Pseudomonas aeruginosa PAO1]	
consensus.fasta	contig_1	3312587	3313734	-	pilU	1-1149/1149	========/======	1/1	99.91	99.65	vfdb	NP_249087	(pilU) twitching motility protein PilU [Type IV pili (VF0082)] [Pseudomonas aeruginosa PAO1]	
consensus.fasta	contig_1	3313912	3314946	-	pilT	1-1035/1035	===============	0/0	100.00	99.71	vfdb	NP_249086	(pilT) twitching motility protein PilT [Type IV pili (VF0082)] [Pseudomonas aeruginosa PAO1]	
consensus.fasta	contig_1	3634793	3637018	-	vgrG1b	1-2226/2226	===============	0/0	100.00	99.46	vfdb	NP_248785	(vgrG1b) type VI secretion system substrate VgrG1b [HSI-1 (Hcp-secretion island 1) (SS178)] [Pseudomonas aeruginosa PAO1]	
consensus.fasta	contig_1	3639409	3641339	-	vgrG1a	1-1932/1932	========/======	1/1	99.95	99.84	vfdb	NP_248781	(vgrG1a) type VI secretion system substrate VgrG1 [HSI-I (VF0334)] [Pseudomonas aeruginosa PAO1]	
consensus.fasta	contig_1	3641386	3644091	-	clpV1	1-2709/2709	========/======	2/3	99.89	99.45	vfdb	NP_248780	(clpV1) type VI secretion system AAA+ family ATPase [HSI-I (VF0334)] [Pseudomonas aeruginosa PAO1]	
consensus.fasta	contig_1	3644084	3645128	-	hsiH1	1-1047/1047	========/======	2/2	99.81	99.62	vfdb	NP_248779	(hsiH1) type VI secretion system hcp secretion island protein HsiH1 [HSI-I (VF0334)] [Pseudomonas aeruginosa PAO1]	
consensus.fasta	contig_1	3645092	3646951	-	hsiG1	1-1860/1860	===============	0/0	100.00	99.62	vfdb	NP_248778	(hsiG1) type VI secretion system hcp secretion island protein HsiG1 [HSI-I (VF0334)] [Pseudomonas aeruginosa PAO1]	
consensus.fasta	contig_1	3646948	3647455	-	hsiF1	1-510/510	========/======	1/2	99.61	99.61	vfdb	NP_248777	(hsiF1) type VI secretion system hcp secretion island protein HsiF1 a gp25-like protein but not exhibit lysozyme activity [HSI-I (VF0334)] [Pseudomonas aeruginosa PAO1]	
consensus.fasta	contig_1	3647457	3648300	-	hsiE1	1-846/846	========/======	2/2	99.76	99.76	vfdb	NP_248776	(hsiE1) type VI secretion system hcp secretion island protein HsiE1 interacting with HsiB1 to form a novel subcomplex of the T6SS [HSI-I (VF0334)] [Pseudomonas aeruginosa PAO1]	
consensus.fasta	contig_1	3648468	3648956	-	hcp1	1-489/489	===============	0/0	100.00	100.00	vfdb	NP_248775	(hcp1) type VI secretion system substrate Hcp1 [HSI-I (VF0334)] [Pseudomonas aeruginosa PAO1]	
consensus.fasta	contig_1	3649032	3650528	-	hsiC1/vipB	1-1497/1497	===============	0/0	100.00	99.73	vfdb	NP_248774	(hsiC1/vipB) type VI secretion system tubule-forming protein VipB [HSI-I (VF0334)] [Pseudomonas aeruginosa PAO1]	
consensus.fasta	contig_1	3650541	3651059	-	hsiB1/vipA	1-519/519	===============	0/0	100.00	99.81	vfdb	NP_248773	(hsiB1/vipA) type VI secretion system tubule-forming protein VipA [HSI-I (VF0334)] [Pseudomonas aeruginosa PAO1]	
consensus.fasta	contig_1	3651148	3652181	-	hsiA1	1-1035/1035	========/======	1/1	99.90	98.65	vfdb	NP_248772	(hsiA1) type VI secretion system hcp secretion island protein HsiA1 [HSI-I (VF0334)] [Pseudomonas aeruginosa PAO1]	
consensus.fasta	contig_1	3652549	3654054	+	fha1	1-1494/1494	========/======	1/12	100.00	98.94	vfdb	NP_248771	(fha1) type VI secretion system forkhead-associated protein Fha1 [HSI-I (VF0334)] [Pseudomonas aeruginosa PAO1]	
consensus.fasta	contig_1	3654099	3654563	+	lip1	1-465/465	===============	0/0	100.00	100.00	vfdb	NP_248770	(lip1) lipoprotein [HSI-I (VF0334)] [Pseudomonas aeruginosa PAO1]	
consensus.fasta	contig_1	3654579	3655913	+	hsiJ1	1-1335/1335	===============	0/0	100.00	99.55	vfdb	NP_248769	(hsiJ1) type VI secretion system hcp secretion island protein HsiJ1 [HSI-I (VF0334)] [Pseudomonas aeruginosa PAO1]	
consensus.fasta	contig_1	3655920	3657268	+	dotU1	1-1350/1350	========/======	1/1	99.93	99.63	vfdb	NP_248768	(dotU1) type VI secretion system protein DotU [HSI-I (VF0334)] [Pseudomonas aeruginosa PAO1]	
consensus.fasta	contig_1	3657490	3660794	+	icmF1/tssM1	1-3306/3306	========/======	1/1	99.97	99.79	vfdb	NP_248767	(icmF1/tssM1) type VI secretion system protein IcmF1 [HSI-I (VF0334)] [Pseudomonas aeruginosa PAO1]	
consensus.fasta	contig_1	3660791	3661470	+	tagF/pppB	1-681/681	========/======	1/1	99.85	99.85	vfdb	NP_248766	(tagF/pppB) Pseudomonas protein phosphatase PppB [HSI-I (VF0334)] [Pseudomonas aeruginosa PAO1]	
consensus.fasta	contig_1	3661480	3662208	+	pppA	1-729/729	===============	0/0	100.00	99.86	vfdb	NP_248765	(pppA) Pseudomonas protein phosphatase PppA [HSI-I (VF0334)] [Pseudomonas aeruginosa PAO1]	
consensus.fasta	contig_1	3662216	3665310	+	ppkA	1-3099/3099	========/======	4/4	99.87	99.36	vfdb	NP_248764	(ppkA) serine/threonine protein kinase PpkA [HSI-I (VF0334)] [Pseudomonas aeruginosa PAO1]	
consensus.fasta	contig_1	3665307	3666026	+	tagT	1-720/720	===============	0/0	100.00	99.31	vfdb	NP_248763	(tagT) type six secretion associated protein TagT ATP-binding component of ABC transporter [HSI-I (VF0334)] [Pseudomonas aeruginosa PAO1]	
consensus.fasta	contig_1	3666026	3667225	+	tagS	1-1200/1200	===============	0/0	100.00	99.50	vfdb	NP_248762	(tagS) type IV secretion associated protein TagS forming a stable inner membrane complex with TagT [HSI-I (VF0334)] [Pseudomonas aeruginosa PAO1]	
consensus.fasta	contig_1	3667218	3668930	+	tagR	1-1713/1713	===============	0/0	100.00	99.94	vfdb	NP_248761	(tagR) type IV secretion associated protein TagR positively regulates PpkA [HSI-I (VF0334)] [Pseudomonas aeruginosa PAO1]	
consensus.fasta	contig_1	3668992	3669906	+	tagQ	1-915/915	===============	0/0	100.00	100.00	vfdb	NP_248760	(tagQ) type VI secretiona ssociated protein TagQ outer membrane lipoprotein [HSI-1 (Hcp-secretion island 1) (SS178)] [Pseudomonas aeruginosa PAO1]	
consensus.fasta	contig_1	3683451	3685282	-	phzH	1-1833/1833	========/======	1/1	99.95	99.67	vfdb	NP_248741	(phzH) phenazine-modifying enzyme [Phenazines biosynthesis (CVF536)] [Pseudomonas aeruginosa PAO1]	
consensus.fasta	contig_1	3691416	3692788	-	exoT	1-1374/1374	========/======	1/1	99.93	98.91	vfdb	NP_248734	(exoT) type III secretion system effector ExoT ADP ribosyltransferase activity and GTPase-activating protein activity [ExoT (VF0097)] [Pseudomonas aeruginosa PAO1]	
consensus.fasta	contig_1	3854648	3855997	-	algB	1-1350/1350	===============	0/0	100.00	99.93	vfdb	NP_254170	(algB) two-component response regulator AlgB [Alginate (VF0091)] [Pseudomonas aeruginosa PAO1]	
consensus.fasta	contig_1	4035444	4036834	-	algC	1-1392/1392	========/======	1/1	99.93	99.86	vfdb	NP_254009	(algC) phosphomannomutase AlgC [Alginate biosynthesis (CVF522)] [Pseudomonas aeruginosa PAO1]	
consensus.fasta	contig_1	4104836	4105911	+	algZ	1-1077/1077	========/======	1/1	99.91	99.81	vfdb	NP_253949	(algZ) sigma factor AlgU [Alginate (VF0091)] [Pseudomonas aeruginosa PAO1]	
consensus.fasta	contig_1	4105916	4106662	+	algR	1-747/747	===============	0/0	100.00	99.60	vfdb	NP_253948	(algR) alginate biosynthesis regulatory protein AlgR [Alginate (VF0091)] [Pseudomonas aeruginosa PAO1]	
consensus.fasta	contig_1	4111801	4112282	+	algQ	1-483/483	========/======	1/1	99.79	99.38	vfdb	NP_253942	(algQ) Alginate regulatory protein AlgQ [Alginate (VF0091)] [Pseudomonas aeruginosa PAO1]	
consensus.fasta	contig_1	4113097	4114155	+	algP/algR3	1-1059/1059	===============	0/0	100.00	99.53	vfdb	NP_253940	(algP/algR3) alginate regulatory protein AlgP [Alginate (VF0091)] [Pseudomonas aeruginosa PAO1]	
consensus.fasta	contig_1	4345757	4346821	+	pilM	1-1065/1065	===============	0/0	100.00	99.91	vfdb	NP_253731	(pilM) type IV pilus inner membrane platform protein PilM [Type IV pili (VF0082)] [Pseudomonas aeruginosa PAO1]	
consensus.fasta	contig_1	4346821	4347416	+	pilN	1-597/597	========/======	1/1	99.83	99.83	vfdb	NP_253730	(pilN) type IV pilus inner membrane platform protein PilN [Type IV pili (VF0082)] [Pseudomonas aeruginosa PAO1]	
consensus.fasta	contig_1	4347413	4348036	+	pilO	1-624/624	===============	0/0	100.00	100.00	vfdb	NP_253729	(pilO) type IV pilus inner membrane platform protein PilO [Type IV pili (VF0082)] [Pseudomonas aeruginosa PAO1]	
consensus.fasta	contig_1	4348033	4348554	+	pilP	1-525/525	========/======	2/3	99.43	99.43	vfdb	NP_253728	(pilP) type IV pilus biogenesis protein PilP [Type IV pili (VF0082)] [Pseudomonas aeruginosa PAO1]	
consensus.fasta	contig_1	4348607	4350750	+	pilQ	1-2145/2145	========/======	1/1	99.95	97.53	vfdb	NP_253727	(pilQ) type 4 fimbrial biogenesis protein PilQ [Type IV pili (VF0082)] [Pseudomonas aeruginosa PAO1]	
consensus.fasta	contig_1	4394540	4395573	+	waaF	1-1038/1038	========/======	4/4	99.61	99.52	vfdb	NP_253699	(waaF) heptosyltransferase I [LPS (VF0085)] [Pseudomonas aeruginosa PAO1]	
consensus.fasta	contig_1	4395570	4396636	+	waaC	1-1068/1068	========/======	1/1	99.91	99.62	vfdb	NP_253698	(waaC) 3-deoxy-D-manno-octulosonic-acid (KDO) transferase [LPS (VF0085)] [Pseudomonas aeruginosa PAO1]	
consensus.fasta	contig_1	4396633	4397754	+	waaG	1-1122/1122	===============	0/0	100.00	99.29	vfdb	NP_253697	(waaG) B-band O-antigen polymerase [LPS (VF0085)] [Pseudomonas aeruginosa PAO1]	
consensus.fasta	contig_1	4397751	4398557	+	waaP	1-807/807	===============	0/0	100.00	100.00	vfdb	NP_253696	(waaP) UDP-glucose:(heptosyl) LPS alpha 13-glucosyltransferase WaaG [LPS (VF0085)] [Pseudomonas aeruginosa PAO1]	
consensus.fasta	contig_1	4421305	4422582	+	waaA	1-1278/1278	===============	0/0	100.00	99.77	vfdb	NP_253675	(waaA) lipopolysaccharide core biosynthesis protein WaaP [LPS (VF0085)] [Pseudomonas aeruginosa PAO1]	
consensus.fasta	contig_1	4466492	4467343	+	motA	1-852/852	===============	0/0	100.00	99.88	vfdb	NP_253641	(motA) flagellar motor protein [Deoxyhexose linking sugar 209 Da capping structure (AI138)] [Pseudomonas aeruginosa PAO1]	
consensus.fasta	contig_1	4467363	4468406	+	motB	1-1044/1044	===============	0/0	100.00	99.52	vfdb	NP_253640	(motB) flagellar motor protein [Deoxyhexose linking sugar 209 Da capping structure (AI138)] [Pseudomonas aeruginosa PAO1]	
consensus.fasta	contig_1	4956324	4956749	-	pilE	1-426/426	===============	0/0	100.00	99.77	vfdb	NP_253246	(pilE) type 4 fimbrial biogenesis protein PilE [Type IV pili (VF0082)] [Pseudomonas aeruginosa PAO1]	
consensus.fasta	contig_1	4956746	4957093	-	pilY2	1-348/348	===============	0/0	100.00	100.00	vfdb	NP_253245	(pilY2) type 4 fimbrial biogenesis protein PilY2 [Type IV pili (VF0082)] [Pseudomonas aeruginosa PAO1]	
consensus.fasta	contig_1	4957095	4960583	-	pilY1	1-3486/3486	========/======	13/33	99.57	91.84	vfdb	NP_253244	(pilY1) type 4 fimbrial biogenesis protein PilY1 [Type IV pili (VF0082)] [Pseudomonas aeruginosa PAO1]	
consensus.fasta	contig_1	4960595	4961181	-	pilX	1-588/588	========/======	1/1	99.83	99.66	vfdb	NP_253243	(pilX) type 4 fimbrial biogenesis protein PilX [Type IV pili (VF0082)] [Pseudomonas aeruginosa PAO1]	
consensus.fasta	contig_1	4961178	4962001	-	pilW	1-825/825	========/======	1/1	99.88	99.52	vfdb	NP_253242	(pilW) type IV fimbrial biogenesis protein PilW [Type IV pili (VF0082)] [Pseudomonas aeruginosa PAO1]	
consensus.fasta	contig_1	4961998	4962555	-	pilV	1-558/558	===============	0/0	100.00	99.46	vfdb	NP_253241	(pilV) type IV pilus biogenesis protein PilV [Type IV pili (VF0082)] [Pseudomonas aeruginosa PAO1]	
consensus.fasta	contig_1	4962546	4963052	-	fimU	1-507/507	===============	0/0	100.00	99.80	vfdb	NP_253240	(fimU) type 4 fimbrial biogenesis protein FimU [Type IV pili (VF0082)] [Pseudomonas aeruginosa PAO1]	
consensus.fasta	contig_1	4963157	4963666	-	fimT	1-510/510	===============	0/0	100.00	99.61	vfdb	NP_253239	(fimT) type 4 fimbrial biogenesis protein FimT [Type IV pili (VF0082)] [Pseudomonas aeruginosa PAO1]	
consensus.fasta	contig_1	4964940	4966277	-	pilR	1-1338/1338	===============	0/0	100.00	99.92	vfdb	NP_253237	(pilR) two-component response regulator PilR [Type IV pili (VF0082)] [Pseudomonas aeruginosa PAO1]	
consensus.fasta	contig_1	4966292	4967883	-	pilS	1-1593/1593	========/======	1/1	99.94	99.56	vfdb	NP_253236	(pilS) two-component sensor PilS [Type IV pili (VF0082)] [Pseudomonas aeruginosa PAO1]	
consensus.fasta	contig_1	5090738	5091610	-	xcpA/pilD	1-873/873	===============	0/0	100.00	99.66	vfdb	NP_253218	(xcpA/pilD) type 4 prepilin peptidase PilD [Type IV pili (VF0082)] [Pseudomonas aeruginosa PAO1]	
consensus.fasta	contig_1	5092820	5094519	-	pilB	1-1701/1701	========/======	1/1	99.94	88.65	vfdb	NP_253216	(pilB) type 4 fimbrial biogenesis protein PilB [Type IV pili (VF0082)] [Pseudomonas aeruginosa PAO1]	
consensus.fasta	contig_1	5184929	5186098	-	algW	1-1170/1170	===============	0/0	100.00	99.92	vfdb	NP_253136	(algW) AlgW protein [Alginate regulation (CVF523)] [Pseudomonas aeruginosa PAO1]	
consensus.fasta	contig_1	5598701	5599282	+	algU	1-582/582	===============	0/0	100.00	100.00	vfdb	NP_249453	(algU) alginate biosynthesis protein AlgZ/FimS [Alginate (VF0091)] [Pseudomonas aeruginosa PAO1]	
consensus.fasta	contig_1	5599314	5599898	+	mucA	1-585/585	===============	0/0	100.00	99.66	vfdb	NP_249454	(mucA) alkaline metalloproteinase precursor [Alginate (VF0091)] [Pseudomonas aeruginosa PAO1]	
consensus.fasta	contig_1	5599907	5600857	+	mucB	1-951/951	===============	0/0	100.00	99.79	vfdb	NP_249455	(mucB) anti-sigma factor MucA inhibitor of alg gene expression [Alginate (VF0091)] [Pseudomonas aeruginosa PAO1]	
consensus.fasta	contig_1	5600854	5601307	+	mucC	1-456/456	========/======	2/2	99.56	98.90	vfdb	NP_249456	(mucC) negative regulator for alginate biosynthesis MucB [Alginate (VF0091)] [Pseudomonas aeruginosa PAO1]	
consensus.fasta	contig_1	5601346	5602770	+	mucD	1-1425/1425	===============	0/0	100.00	99.65	vfdb	NP_249457	(mucD) serine protease MucD precursor [Alginate regulation (CVF523)] [Pseudomonas aeruginosa PAO1]	
consensus.fasta	contig_1	5736173	5738364	-	plcH	1-2193/2193	========/======	1/1	99.95	99.77	vfdb	NP_249535	(plcH) hemolytic phospholipase C precursor [PLC (VF0092)] [Pseudomonas aeruginosa PAO1]	
consensus.fasta	contig_1	5972115	5972522	+	flgB	1-408/408	===============	0/0	100.00	100.00	vfdb	NP_249768	(flgB) flagellar basal body rod protein FlgB [Deoxyhexose linking sugar 209 Da capping structure (AI138)] [Pseudomonas aeruginosa PAO1]	
consensus.fasta	contig_1	5972528	5972967	+	flgC	1-441/441	========/======	1/1	99.77	99.55	vfdb	NP_249769	(flgC) flagellar basal-body rod protein FlgC [Flagella (VF0273)] [Pseudomonas aeruginosa PAO1]	
consensus.fasta	contig_1	5972980	5973693	+	flgD	1-714/714	========/======	2/2	99.86	99.16	vfdb	NP_249770	(flgD) flagellar basal-body rod modification protein FlgD [Flagella (VF0273)] [Pseudomonas aeruginosa PAO1]	
consensus.fasta	contig_1	5973721	5975107	+	flgE	1-1389/1389	========/======	1/2	99.86	98.85	vfdb	NP_249771	(flgE) flagellar hook protein FlgE [Flagella (VF0273)] [Pseudomonas aeruginosa PAO1]	
consensus.fasta	contig_1	5975324	5976073	+	flgF	1-750/750	===============	0/0	100.00	98.93	vfdb	NP_249772	(flgF) flagellar basal-body rod protein FlgF [Flagella (VF0273)] [Pseudomonas aeruginosa PAO1]	
consensus.fasta	contig_1	5976120	5976904	+	flgG	1-786/786	========/======	1/1	99.87	99.62	vfdb	NP_249773	(flgG) flagellar basal-body rod protein FlgG [Flagella (VF0273)] [Pseudomonas aeruginosa PAO1]	
consensus.fasta	contig_1	5976950	5977644	+	flgH	1-696/696	========/======	1/1	99.86	99.28	vfdb	NP_249774	(flgH) flagellar L-ring protein precursor FlgH [Flagella (VF0273)] [Pseudomonas aeruginosa PAO1]	
consensus.fasta	contig_1	5977656	5978765	+	flgI	1-1110/1110	===============	0/0	100.00	99.73	vfdb	NP_249775	(flgI) flagellar P-ring protein precursor FlgI [Flagella (VF0273)] [Pseudomonas aeruginosa PAO1]	
consensus.fasta	contig_1	5978776	5979978	+	flgJ	1-1203/1203	===============	0/0	100.00	99.67	vfdb	NP_249776	(flgJ) flagellar rod assembly protein/muramidase FlgJ [Flagella (VF0273)] [Pseudomonas aeruginosa PAO1]	
consensus.fasta	contig_1	5979997	5982045	+	flgK	1-2052/2052	========/======	5/9	99.71	86.52	vfdb	NP_249777	(flgK) flagellar hook-associated protein 1 FlgK [Flagella (VF0273)] [Pseudomonas aeruginosa PAO1]	
consensus.fasta	contig_1	6004346	6005818	+	fleQ	1-1473/1473	===============	0/0	100.00	99.19	vfdb	NP_249788	(fleQ) transcriptional regulator FleQ [Flagella (VF0273)] [Pseudomonas aeruginosa PAO1]	
consensus.fasta	contig_1	6005931	6007137	+	fleS	1-1209/1209	========/======	2/2	99.83	99.01	vfdb	NP_249789	(fleS) two-component sensor [Deoxyhexose linking sugar 209 Da capping structure (AI138)] [Pseudomonas aeruginosa PAO1]	
consensus.fasta	contig_1	6007142	6008563	+	fleR	1-1422/1422	===============	0/0	100.00	99.79	vfdb	NP_249790	(fleR) two-component response regulator [Flagella (VF0273)] [Pseudomonas aeruginosa PAO1]	
consensus.fasta	contig_1	6008810	6009139	+	fliE	1-330/330	===============	0/0	100.00	99.70	vfdb	NP_249791	(fliE) flagellar hook-basal body complex protein FliE [Flagella (VF0273)] [Pseudomonas aeruginosa PAO1]	
consensus.fasta	contig_1	6009162	6010959	+	fliF	1-1797/1797	========/======	1/1	100.00	99.61	vfdb	NP_249792	(fliF) flagellar M-ring protein FliF [Flagella (VF0273)] [Pseudomonas aeruginosa PAO1]	
consensus.fasta	contig_1	6010965	6011981	+	fliG	1-1017/1017	===============	0/0	100.00	99.51	vfdb	NP_249793	(fliG) flagellar motor switch protein G [Flagella (VF0273)] [Pseudomonas aeruginosa PAO1]	
consensus.fasta	contig_1	6011983	6012789	+	fliH	1-807/807	===============	0/0	100.00	99.88	vfdb	NP_249794	(fliH) flagellar assembly protein H [Flagella (VF0273)] [Pseudomonas aeruginosa PAO1]	
consensus.fasta	contig_1	6012779	6014134	+	fliI	1-1356/1356	===============	0/0	100.00	98.89	vfdb	NP_249795	(fliI) flagellum-specific ATP synthase FliI [Flagella (VF0273)] [Pseudomonas aeruginosa PAO1]	
consensus.fasta	contig_1	6014148	6014591	+	fliJ	1-444/444	===============	0/0	100.00	99.78	vfdb	NP_249796	(fliJ) flagellar protein FliJ [Flagella (VF0273)] [Pseudomonas aeruginosa PAO1]	
consensus.fasta	contig_1	6038833	6039809	-	rhlC	1-978/978	========/======	1/1	99.90	98.88	vfdb	NP_249821	(rhlC) rhamnosyltransferase 2 [Rhamnolipid biosynthesis (CVF524)] [Pseudomonas aeruginosa PAO1]	
consensus.fasta	contig_1	6057307	6059223	-	toxA	1-1917/1917	===============	0/0	100.00	99.48	vfdb	NP_249839	(toxA) exotoxin A precursor [ExoA (VF0086)] [Pseudomonas aeruginosa PAO1]	
consensus.fasta	contig_1	6168913	6170351	+	aprA	1-1440/1440	========/======	1/1	99.93	99.38	vfdb	NP_249940	(aprA) alkaline metalloproteinase precursor [Alkaline protease (VF0090)] [Pseudomonas aeruginosa PAO1]	
consensus.fasta	contig_1	6260526	6261130	+	lasI	1-606/606	========/======	1/1	99.83	99.83	vfdb	NP_250123	(lasI) autoinducer synthesis protein LasI [Quorum sensing (VF0093)] [Pseudomonas aeruginosa PAO1]	
consensus.fasta	contig_1	6271759	6273041	+	fliK	1-1284/1284	========/======	1/1	99.92	99.69	vfdb	NP_250132	(fliK) flagellar hook-length control protein FliK [Deoxyhexose linking sugar 209 Da capping structure (AI138)] [Pseudomonas aeruginosa PAO1]	
consensus.fasta	contig_1	6273284	6273805	+	fliL	1-522/522	===============	0/0	100.00	100.00	vfdb	NP_250133	(fliL) flagellar basal body protein FliL [Deoxyhexose linking sugar 209 Da capping structure (AI138)] [Pseudomonas aeruginosa PAO1]	
consensus.fasta	contig_1	6273813	6274784	+	fliM	1-972/972	===============	0/0	100.00	100.00	vfdb	NP_250134	(fliM) flagellar motor switch protein FliM [Flagella (VF0273)] [Pseudomonas aeruginosa PAO1]	
consensus.fasta	contig_1	6274812	6275285	+	fliN	1-474/474	===============	0/0	100.00	100.00	vfdb	NP_250135	(fliN) flagellar motor switch protein FliN [Flagella (VF0273)] [Pseudomonas aeruginosa PAO1]	
consensus.fasta	contig_1	6275287	6275739	+	fliO	1-453/453	===============	0/0	100.00	99.78	vfdb	NP_250136	(fliO) flagellar protein FliO [Flagella (VF0273)] [Pseudomonas aeruginosa PAO1]	
consensus.fasta	contig_1	6275736	6276503	+	fliP	1-768/768	===============	0/0	100.00	99.87	vfdb	NP_250137	(fliP) flagellar biosynthetic protein FliP [Flagella (VF0273)] [Pseudomonas aeruginosa PAO1]	
consensus.fasta	contig_1	6276548	6276817	+	fliQ	1-270/270	===============	0/0	100.00	100.00	vfdb	NP_250138	(fliQ) flagellar biosynthetic protein FliQ [Flagella (VF0273)] [Pseudomonas aeruginosa PAO1]	
consensus.fasta	contig_1	6276817	6277593	+	fliR	1-777/777	===============	0/0	100.00	99.36	vfdb	NP_250139	(fliR) flagellar biosynthetic protein FliR [Flagella (VF0273)] [Pseudomonas aeruginosa PAO1]	
consensus.fasta	contig_1	6277596	6278731	+	flhB	1-1137/1137	========/======	1/1	99.91	99.65	vfdb	NP_250140	(flhB) flagellar biosynthetic protein FlhB [Flagella (VF0273)] [Pseudomonas aeruginosa PAO1]	
consensus.fasta	contig_1	6281586	6283708	+	flhA	1-2124/2124	========/======	1/1	99.95	99.58	vfdb	NP_250143	(flhA) flagellar biosynthesis protein FlhA [Flagella (VF0273)] [Pseudomonas aeruginosa PAO1]	
consensus.fasta	contig_1	6283792	6285081	+	flhF	1-1290/1290	===============	0/0	100.00	99.69	vfdb	NP_250144	(flhF) flagellar biosynthesis protein FlhF [Flagella (VF0273)] [Pseudomonas aeruginosa PAO1]	
consensus.fasta	contig_1	6285219	6286061	+	fleN	1-843/843	===============	0/0	100.00	99.76	vfdb	NP_250145	(fleN) flagellar synthesis regulator FleN [Flagella (VF0273)] [Pseudomonas aeruginosa PAO1]	
consensus.fasta	contig_1	6286058	6286801	+	fliA	1-744/744	===============	0/0	100.00	99.73	vfdb	NP_250146	(fliA) flagellar biosynthesis sigma factor FliA [Deoxyhexose linking sugar 209 Da capping structure (AI138)] [Pseudomonas aeruginosa PAO1]	
consensus.fasta	contig_1	6291793	6292533	+	motC	1-741/741	===============	0/0	100.00	98.52	vfdb	NP_250151	(motC) flagellar motor protein [Deoxyhexose linking sugar 209 Da capping structure (AI138)] [Pseudomonas aeruginosa PAO1]	
consensus.fasta	contig_1	6292546	6293436	+	motD	1-891/891	===============	0/0	100.00	99.33	vfdb	NP_250152	(motD) flagellar motor protein [Deoxyhexose linking sugar 209 Da capping structure (AI138)] [Pseudomonas aeruginosa PAO1]	
consensus.fasta	contig_1	6627362	6628410	-	pscU	1-1050/1050	========/======	1/1	99.90	99.33	vfdb	NP_250381	(pscU) type III secretion system protein PscU [TTSS (VF0083)] [Pseudomonas aeruginosa PAO1]	
consensus.fasta	contig_1	6628407	6629195	-	pscT	1-789/789	===============	0/0	100.00	99.24	vfdb	NP_250382	(pscT) type III secretion system protein PscT [TTSS (VF0083)] [Pseudomonas aeruginosa PAO1]	
consensus.fasta	contig_1	6629192	6629458	-	pscS	1-267/267	===============	0/0	100.00	99.62	vfdb	NP_250383	(pscS) type III secretion system protein PscS [TTSS (VF0083)] [Pseudomonas aeruginosa PAO1]	
consensus.fasta	contig_1	6629461	6630114	-	pscR	1-654/654	===============	0/0	100.00	99.69	vfdb	NP_250384	(pscR) type III secretion system protein PscR [TTSS (VF0083)] [Pseudomonas aeruginosa PAO1]	
consensus.fasta	contig_1	6630111	6631039	-	pscQ	1-930/930	========/======	1/1	99.89	99.14	vfdb	NP_250385	(pscQ) type III secretion system protein PscQ [TTSS (VF0083)] [Pseudomonas aeruginosa PAO1]	
consensus.fasta	contig_1	6631036	6632145	-	pscP	1-1110/1110	===============	0/0	100.00	98.56	vfdb	NP_250386	(pscP) type III secretion system protein PscP [TTSS (VF0083)] [Pseudomonas aeruginosa PAO1]	
consensus.fasta	contig_1	6632133	6632608	-	pscO	1-477/477	========/======	1/1	99.79	98.95	vfdb	NP_250387	(pscO) type III secretion system protein PscO [TTSS (VF0083)] [Pseudomonas aeruginosa PAO1]	
consensus.fasta	contig_1	6632605	6633926	-	pscN	1-1323/1323	========/======	1/1	99.92	99.02	vfdb	NP_250388	(pscN) type III secretion system ATPase PscN [TTSS (VF0083)] [Pseudomonas aeruginosa PAO1]	
consensus.fasta	contig_1	6634117	6634983	+	popN	1-867/867	===============	0/0	100.00	99.08	vfdb	NP_250389	(popN) type III secretion system outer membrane protein PopN [TTSS (VF0083)] [Pseudomonas aeruginosa PAO1]	
consensus.fasta	contig_1	6634964	6635242	+	pcr1	1-279/279	===============	0/0	100.00	100.00	vfdb	NP_250390	(pcr1) type III secretion system protein Pcr1 [TTSS (VF0083)] [Pseudomonas aeruginosa PAO1]	
consensus.fasta	contig_1	6635229	6635600	+	pcr2	1-372/372	===============	0/0	100.00	98.92	vfdb	NP_250391	(pcr2) type III secretion system protein Pcr2 [TTSS (VF0083)] [Pseudomonas aeruginosa PAO1]	
consensus.fasta	contig_1	6635597	6635962	+	pcr3	1-366/366	===============	0/0	100.00	100.00	vfdb	NP_250392	(pcr3) type III secretion system protein Pcr3 [TTSS (VF0083)] [Pseudomonas aeruginosa PAO1]	
consensus.fasta	contig_1	6635967	6636296	+	pcr4	1-330/330	===============	0/0	100.00	99.70	vfdb	NP_250393	(pcr4) type III secretion system protein Pcr4 [TTSS (VF0083)] [Pseudomonas aeruginosa PAO1]	
consensus.fasta	contig_1	6636293	6638413	+	pcrD	1-2121/2121	===============	0/0	100.00	99.43	vfdb	NP_250394	(pcrD) type III secretion system protein PcrD [TTSS (VF0083)] [Pseudomonas aeruginosa PAO1]	
consensus.fasta	contig_1	6638410	6638844	+	pcrR	1-435/435	===============	0/0	100.00	99.77	vfdb	NP_250395	(pcrR) type III secretion system regulatory protein PcrR [TTSS (VF0083)] [Pseudomonas aeruginosa PAO1]	
consensus.fasta	contig_1	6638872	6639168	+	pcrG	1-297/297	===============	0/0	100.00	99.66	vfdb	NP_250396	(pcrG) type III secretion system cytoplasmic regulator PcrG [TTSS (VF0083)] [Pseudomonas aeruginosa PAO1]	
consensus.fasta	contig_1	6639178	6640062	+	pcrV	1-885/885	===============	0/0	100.00	100.00	vfdb	NP_250397	(pcrV) type III secretion system hydrophilic translocator needle tip protein PcrV [TTSS (VF0083)] [Pseudomonas aeruginosa PAO1]	
consensus.fasta	contig_1	6640071	6640577	+	pcrH	1-504/504	========/======	1/3	100.00	99.41	vfdb	NP_250398	(pcrH) type III secretion system regulatory protein PcrH [TTSS (VF0083)] [Pseudomonas aeruginosa PAO1]	
consensus.fasta	contig_1	6640558	6641730	+	popB	1-1173/1173	===============	0/0	100.00	99.32	vfdb	NP_250399	(popB) type III secretion system hydrophobic translocator pore protein PopB [TTSS (VF0083)] [Pseudomonas aeruginosa PAO1]	
consensus.fasta	contig_1	6641742	6642629	+	popD	1-888/888	===============	0/0	100.00	98.09	vfdb	NP_250400	(popD) type III secretion system hydrophobic translocator pore protein PopD [TTSS (VF0083)] [Pseudomonas aeruginosa PAO1]	
consensus.fasta	contig_1	6642755	6643192	+	exsC	1-438/438	===============	0/0	100.00	99.54	vfdb	NP_250401	(exsC) type III secretion system regulatory protein ExsC [TTSS (VF0083)] [Pseudomonas aeruginosa PAO1]	
consensus.fasta	contig_1	6643201	6643446	+	exsE	1-246/246	===============	0/0	100.00	99.59	vfdb	NP_250402	(exsE) type III secretion system regulatory protein ExsE [TTSS (VF0083)] [Pseudomonas aeruginosa PAO1]	
consensus.fasta	contig_1	6643455	6643867	+	exsB	1-414/414	========/======	1/1	99.76	99.52	vfdb	NP_250403	(exsB) type III secretion system piolitin ExsB [TTSS (VF0083)] [Pseudomonas aeruginosa PAO1]	
consensus.fasta	contig_1	6644165	6644999	+	exsA	1-837/837	========/======	2/2	99.76	99.64	vfdb	NP_250404	(exsA) type III secretion system regulatory protein ExsA [TTSS (VF0083)] [Pseudomonas aeruginosa PAO1]	
consensus.fasta	contig_1	6645097	6645927	+	exsD	1-831/831	===============	0/0	100.00	99.88	vfdb	NP_250405	(exsD) type III secretion system regulatory protein ExsD [TTSS (VF0083)] [Pseudomonas aeruginosa PAO1]	
consensus.fasta	contig_1	6645961	6646382	+	pscB	1-423/423	========/======	1/1	99.76	99.53	vfdb	NP_250406	(pscB) type III secretion system protein PscB [TTSS (VF0083)] [Pseudomonas aeruginosa PAO1]	
consensus.fasta	contig_1	6646382	6648183	+	pscC	1-1803/1803	========/======	1/1	99.94	99.67	vfdb	NP_250407	(pscC) type III secretion system secretin PscC [TTSS (VF0083)] [Pseudomonas aeruginosa PAO1]	
consensus.fasta	contig_1	6648185	6649482	+	pscD	1-1299/1299	========/======	1/1	99.92	99.61	vfdb	NP_250408	(pscD) type III secretion system basal body protein PscD [TTSS (VF0083)] [Pseudomonas aeruginosa PAO1]	
consensus.fasta	contig_1	6649445	6649648	+	pscE	1-204/204	===============	0/0	100.00	98.53	vfdb	NP_250409	(pscE) type III secretion system cochaperone PscE for PscG [TTSS (VF0083)] [Pseudomonas aeruginosa PAO1]	
consensus.fasta	contig_1	6649651	6649907	+	pscF	1-258/258	========/======	1/1	99.61	99.61	vfdb	NP_250410	(pscF) type III secretion system needle filament protein PscF [TTSS (VF0083)] [Pseudomonas aeruginosa PAO1]	
consensus.fasta	contig_1	6649910	6650257	+	pscG	1-348/348	===============	0/0	100.00	100.00	vfdb	NP_250411	(pscG) type III secretion system chaperone PscG for PscF [TTSS (VF0083)] [Pseudomonas aeruginosa PAO1]	
consensus.fasta	contig_1	6650254	6650685	+	pscH	1-432/432	===============	0/0	100.00	100.00	vfdb	NP_250412	(pscH) type III secretion system protein PscH [TTSS (VF0083)] [Pseudomonas aeruginosa PAO1]	
consensus.fasta	contig_1	6650685	6651023	+	pscI	1-339/339	===============	0/0	100.00	99.70	vfdb	NP_250413	(pscI) type III secretion system inner rod protein PscI [TTSS (VF0083)] [Pseudomonas aeruginosa PAO1]	
consensus.fasta	contig_1	6651020	6651765	+	pscJ	1-747/747	========/======	1/1	99.87	99.33	vfdb	NP_250414	(pscJ) type III secretion system inner MS ring protein [TTSS (VF0083)] [Pseudomonas aeruginosa PAO1]	
consensus.fasta	contig_1	6651774	6652393	+	pscK	1-627/627	========/======	2/7	98.88	98.56	vfdb	NP_250415	(pscK) type III secretion system protein PscK [TTSS (VF0083)] [Pseudomonas aeruginosa PAO1]	
consensus.fasta	contig_1	6652372	6653016	+	pscL	1-645/645	===============	0/0	100.00	98.92	vfdb	NP_250416	(pscL) type III secretion systemt protein PscL [TTSS (VF0083)] [Pseudomonas aeruginosa PAO1]	
consensus.fasta	contig_1	6849569	6850032	-	tse1	1-465/465	========/======	1/1	99.78	99.57	vfdb	NP_250535	(tse1) type VI secretion system effector Tse1 peptidoglycanhydrolase [HSI-1 (Hcp-secretion island 1) (SS178)] [Pseudomonas aeruginosa PAO1]	
consensus.fasta	contig_1	6878361	6879612	+	lasA	1-1257/1257	========/======	5/5	99.60	98.49	vfdb	NP_250562	(lasA) LasA protease precursor [LasA (VF0088)] [Pseudomonas aeruginosa PAO1]	
consensus.fasta	contig_1	6917061	6917503	+	phzA1	47-489/489	.==============	0/0	90.59	96.61	vfdb	NP_252899	(phzA1) phenazine biosynthesis protein PhzA [Phenazines biosynthesis (CVF536)] [Pseudomonas aeruginosa PAO1]	
consensus.fasta	contig_1	6917593	6918024	+	phzB1	55-486/489	.==============	0/0	88.34	90.05	vfdb	NP_252900	(phzB1) phenazine biosynthesis protein PhzB [Phenazines biosynthesis (CVF536)] [Pseudomonas aeruginosa PAO1]	
consensus.fasta	contig_1	6918050	6919267	+	phzC1	1-1218/1218	===============	0/0	100.00	99.51	vfdb	NP_252901	(phzC1) phenazine biosynthesis protein PhzC [Phenazines biosynthesis (CVF536)] [Pseudomonas aeruginosa PAO1]	
consensus.fasta	contig_1	6919264	6919887	+	phzD1	1-624/624	===============	0/0	100.00	98.88	vfdb	NP_252902	(phzD1) phenazine biosynthesis protein PhzD isochorismatase  [Phenazines biosynthesis (CVF536)] [Pseudomonas aeruginosa PAO1]	
consensus.fasta	contig_1	6919884	6921767	+	phzE1	1-1884/1884	===============	0/0	100.00	99.58	vfdb	NP_252903	(phzE1) phenazine biosynthesis protein PhzE [Phenazines biosynthesis (CVF536)] [Pseudomonas aeruginosa PAO1]	
consensus.fasta	contig_1	6921781	6922617	+	phzF1	1-837/837	===============	0/0	100.00	99.04	vfdb	NP_252904	(phzF1) phenazine biosynthesis protein PhzF isomerase [Phenazines biosynthesis (CVF536)] [Pseudomonas aeruginosa PAO1]	
consensus.fasta	contig_1	6922643	6923286	+	phzG1	1-645/645	========/======	1/1	99.84	99.53	vfdb	NP_252906	(phzG1) phenazine biosynthesis protein PhzG pyridoxamine 5'-phosphate oxidase [Phenazines biosynthesis (CVF536)] [Pseudomonas aeruginosa PAO1]	
consensus.fasta	contig_1	113474	116609	-	mexY	1-3141/3141	========/======	10/11	99.75	98.98	card	AB015853:1330-4471	MexY is the RND-type membrane protein of the efflux complex MexXY-OprM.	acridine_dye;aminoglycoside;carbapenem;cephalosporin;cephamycin;fluoroquinolone;macrolide;penam;phenicol;tetracycline
consensus.fasta	contig_1	116625	117803	-	mexX	1-1170/1170	========/======	8/11	99.91	97.97	card	AB015853:145-1315	MexX is the membrane fusion protein of the MexXY-OprM multidrug efflux complex.	acridine_dye;aminoglycoside;carbapenem;cephalosporin;cephamycin;fluoroquinolone;macrolide;penam;phenicol;tetracycline
consensus.fasta	contig_1	505341	505811	-	Pseudomonas_aeruginosa_soxR	1-471/471	===============	0/0	100.00	99.79	card	AE004091.2:2503895-2503424	SoxR is a redox-sensitive transcriptional activator that induces expression of a small regulon that includes the RND efflux pump-encoding operon mexGHI-opmD. SoxR was shown to be activated by pyocyanin.	acridine_dye;cephalosporin;fluoroquinolone;glycylcycline;penam;phenicol;rifamycin;tetracycline;triclosan
consensus.fasta	contig_1	812639	813882	+	MexE	1-1245/1245	========/======	1/1	99.92	99.92	card	AE004091.2:2808742-2809987	MexE is the membrane fusion protein of the MexEF-OprN multidrug efflux complex.	diaminopyrimidine;fluoroquinolone;phenicol
consensus.fasta	contig_1	813904	817091	+	MexF	1-3189/3189	========/======	1/1	99.97	99.72	card	AE004091.2:2810008-2813197	MexF is the multidrug inner membrane transporter of the MexEF-OprN complex. mexF corresponds to 2 loci in Pseudomonas aeruginosa PAO1 (gene name: mexF/mexB) and 4 loci in Pseudomonas aeruginosa LESB58 (gene name: mexD/mexB).	diaminopyrimidine;fluoroquinolone;phenicol
consensus.fasta	contig_1	817088	818505	+	OprN	1-1419/1419	========/======	1/1	99.93	99.30	card	AE004091.2:2813193-2814612	OprN is the outer membrane channel component of the MexEF-OprN multidrug efflux complex.	diaminopyrimidine;fluoroquinolone;phenicol
consensus.fasta	contig_1	850164	851659	-	OpmB	1-1497/1497	========/======	1/1	99.93	99.13	card	AE004091.2:2847779-2846282	OpmB is an outer membrane efflux protein in Pseudomonas aeruginosa that shows functional cooperation with MuxABC to form the efflux pump system MuxABC-OpmB.	aminocoumarin;macrolide;monobactam;tetracycline
consensus.fasta	contig_1	851656	854765	-	MuxC	1-3111/3111	========/======	1/1	99.97	99.52	card	AE004091.2:2850886-2847775	MuxC is one of the two necessary RND components of the MuxABC-OpmB efflux pumps system in Pseudomonas aeruginosa.	aminocoumarin;macrolide;monobactam;tetracycline
consensus.fasta	contig_1	854762	857893	-	MuxB	1-3132/3132	===============	0/0	100.00	99.65	card	AE004091.2:2854014-2850882	MuxB is one of the two necessary RND components in the Pseudomonas aeruginosa efflux pump system MuxABC-OpmB.	aminocoumarin;macrolide;monobactam;tetracycline
consensus.fasta	contig_1	857890	859169	-	MuxA	1-1281/1281	========/======	1/1	99.92	99.38	card	AE004091.2:2855291-2854010	MuxA is a membrane fusion protein component of the efflux pump system MuxABC-OpmB in Pseudomonas aeruginosa.	aminocoumarin;macrolide;monobactam;tetracycline
consensus.fasta	contig_1	1799083	1799760	+	Pseudomonas_aeruginosa_CpxR	1-678/678	===============	0/0	100.00	99.70	card	LT673656.1:1885022-1884344	CpxR is directly involved in activation of expression of RND efflux pump MexAB-OprM in P. aeruginosa. CpxR is required to enhance mexAB-oprM expression and drug resistance in the absence of repressor MexR.	aminocoumarin;aminoglycoside;carbapenem;cephalosporin;cephamycin;diaminopyrimidine;fluoroquinolone;macrolide;monobactam;penam;penem;peptide;phenicol;sulfonamide;tetracycline
consensus.fasta	contig_1	2117523	2118997	-	opmE	1-1476/1476	========/======	1/1	99.93	98.92	card	AB219524.1:4334-5810	opmE is an outer membrane factor protein that is part of the multidrug efflux pump MexPQ-OpmE.	acridine_dye;carbapenem;diaminopyrimidine;macrolide;phenicol;tetracycline
consensus.fasta	contig_1	2118994	2122154	-	mexQ	1-3162/3162	========/======	1/1	99.97	99.40	card	AB219524.1:1176-4338	MexQ is the inner membrane transporter of the multidrug efflux pump MexPQ-OpmE.	acridine_dye;carbapenem;diaminopyrimidine;macrolide;phenicol;tetracycline
consensus.fasta	contig_1	2122151	2123308	-	mexP	1-1158/1158	===============	0/0	100.00	99.66	card	AB219524.1:22-1180	MexP is the membrane fusion protein of the MexPQ-OpmE multidrug efflux complex	acridine_dye;carbapenem;diaminopyrimidine;macrolide;phenicol;tetracycline
consensus.fasta	contig_1	2161493	2163480	+	arnA	1-1989/1989	========/======	1/1	99.95	99.25	card	AE004091.2:3982020-3984009	arnA modifies lipid A with 4-amino-4-deoxy-L-arabinose (Ara4N) which allows gram-negative bacteria to resist the antimicrobial activity of cationic antimicrobial peptides and antibiotics such as polymyxin. arnA is found in E. coli and P. aeruginosa.	peptide
consensus.fasta	contig_1	2300207	2303283	-	mexK	1-3078/3078	========/======	1/1	99.97	99.84	card	AE004091.2:4119265-4116187	mexK is the inner membrane resistance-nodulation-cell division (RND) transporter in the MexJK multidrug efflux protein.	macrolide;tetracycline;triclosan
consensus.fasta	contig_1	2303288	2304390	-	mexJ	1-1104/1104	========/======	1/1	99.91	99.64	card	AE004091.2:4120373-4119269	mexJ is the membrane fusion protein of the MexJK multidrug efflux protein.	macrolide;tetracycline;triclosan
consensus.fasta	contig_1	2304486	2305124	+	mexL	1-639/639	===============	0/0	100.00	99.53	card	AE004091.2:4120468-4121107	MexL is a specific repressor of mexJK transcription and autoregulates its own expression.	macrolide;tetracycline;triclosan
consensus.fasta	contig_1	2349708	2349869	-	ArmR	1-162/162	===============	0/0	100.00	100.00	card	AE004091.2:4165880-4165718	ArmR a 53-amino-acid antirepressor allosterically inhibits MexR dimer-DNA binding by occupying a hydrophobic binding cavity within the center of the MexR dimer. ArmR up-regulation and MexR-ArmR complex formation have previously been shown to upregulate MexAB-OprM.	aminocoumarin;carbapenem;cephalosporin;cephamycin;diaminopyrimidine;fluoroquinolone;macrolide;monobactam;penam;penem;peptide;phenicol;sulfonamide;tetracycline
consensus.fasta	contig_1	2762417	2763610	+	PDC-1	1-1194/1194	===============	0/0	100.00	99.75	card	FJ666065:0-1194	PDC-1 is a beta-lactamase found in Pseudomonas aeruginosa.	carbapenem;cephalosporin;monobactam
consensus.fasta	contig_1	2775942	2776747	-	APH(3')-IIb	1-807/807	========/======	1/1	99.88	97.52	card	X90856:387-1194	APH(3')-IIb is a chromosomal-encoded aminoglycoside phosphotransferase in P. aeruginosa	aminoglycoside
consensus.fasta	contig_1	2793437	2794645	-	bcr-1	1-1209/1209	===============	0/0	100.00	99.75	card	CP012901.1:5980365-5979156	Transmembrane protein which expels bicyclomycin from the cell leading to bicyclomycin resistance. Identified in Pseudomonas aeruginosa strains responsible for outbreaks in Brazil often appearing with blaSPM-1 another bicyclomycin resistance gene	bicyclomycin
consensus.fasta	contig_1	2958423	2958869	+	mexG	1-447/447	===============	0/0	100.00	100.00	card	AE004091.2:4705955-4706402	MexG is a membrane protein required for MexGHI-OpmD efflux activity.	acridine_dye;fluoroquinolone;tetracycline
consensus.fasta	contig_1	2958877	2959988	+	mexH	1-1113/1113	========/======	1/1	99.91	99.82	card	AE004091.2:4706409-4707522	MexH is the membrane fusion protein of the efflux complex MexGHI-OpmD.	acridine_dye;fluoroquinolone;tetracycline
consensus.fasta	contig_1	2960001	2963086	+	mexI	1-3090/3090	========/======	2/4	99.87	99.74	card	AE004091.2:4707534-4710624	MexI is the inner membrane transporter of the efflux complex MexGHI-OpmD.	acridine_dye;fluoroquinolone;tetracycline
consensus.fasta	contig_1	2963083	2964545	+	opmD	1-1464/1464	========/======	1/1	99.93	99.86	card	AE004091.2:4710620-4712084	OpmD is the outer membrane channel protein of the efflux complex MexGHI-OpmD.	acridine_dye;fluoroquinolone;tetracycline
consensus.fasta	contig_1	3273747	3275203	-	OprM	1-1458/1458	========/======	1/1	99.93	99.93	card	AE004091.2:476332-477790	OprM is an outer membrane factor protein found in Pseudomonas aeruginosa and Burkholderia vietnamiensis. It is part of the MexAB-OprM MexVW-OprM MexXY-OprM and the AmrAB-OprM complex.	acridine_dye;aminocoumarin;aminoglycoside;carbapenem;cephalosporin;cephamycin;diaminopyrimidine;fluoroquinolone;macrolide;monobactam;penam;penem;peptide;phenicol;sulfonamide;tetracycline
consensus.fasta	contig_1	3275205	3278344	-	MexB	1-3141/3141	========/======	1/1	99.97	99.75	card	L11616:1569-4710	MexB is the inner membrane multidrug exporter of the efflux complex MexAB-OprM.	aminocoumarin;carbapenem;cephalosporin;cephamycin;diaminopyrimidine;fluoroquinolone;macrolide;monobactam;penam;penem;peptide;phenicol;sulfonamide;tetracycline
consensus.fasta	contig_1	3278360	3279511	-	MexA	1-1152/1152	===============	0/0	100.00	99.91	card	AE004091.2:472023-473175	MexA is the membrane fusion protein of the MexAB-OprM multidrug efflux complex.	aminocoumarin;carbapenem;cephalosporin;cephamycin;diaminopyrimidine;fluoroquinolone;macrolide;monobactam;penam;penem;peptide;phenicol;sulfonamide;tetracycline
consensus.fasta	contig_1	3569810	3572857	-	TriC	1-3048/3048	===============	0/0	100.00	99.80	card	AE004091.2:179521-182569	TriC is a resistance nodulation cell division (RND) transporter that is a part of TriABC-OpmH a triclosan-specific efflux protein.	triclosan
consensus.fasta	contig_1	3572854	3573924	-	TriB	1-1071/1071	===============	0/0	100.00	99.72	card	AE004091.2:178454-179525	TriB is a membrane protein that is fused to TriA and both are required for the triclosan efflux pump function of TriABC-OpmH in P. aeruginosa.	triclosan
consensus.fasta	contig_1	3573921	3575072	-	TriA	1-1152/1152	===============	0/0	100.00	99.74	card	AE004091.2:177306-178458	TriA is a membrane protein that is fused to TriB and both are required for the triclosan efflux pump function of TriABC-OpmH in P. aeruginosa.	triclosan
consensus.fasta	contig_1	3821348	3822135	-	OXA-50	1-789/789	========/======	1/1	99.87	99.75	card	AY306130:0-789	OXA-50 is a beta-lactamase found in Pseudomonas aeruginosa. It confers decreased susceptibility to ampicillin and ticarcillin and interestingly to moxalactam and meropenem in P. aeruginosa but not in E. coli. Also confers resistance to piperacillin-tazobactam and cephalotin.	cephalosporin;penam
consensus.fasta	contig_1	4419968	4420300	-	Pseudomonas_aeruginosa_emrE	1-333/333	===============	0/0	100.00	99.70	card	AE004091.2:5606102-5606435	EmrE is a small multidrug transporter that functions as a homodimer and that couples the efflux of small polyaromatic cations from the cell with the import of protons down an electrochemical gradient. Confers resistance to tetraphenylphosphonium methyl viologen gentamicin kanamycin and neomycin.	aminoglycoside
consensus.fasta	contig_1	4440842	4442288	-	OpmH	1-1449/1449	========/======	1/2	99.86	99.72	card	AE004091.2:5584100-5585549	OpmH is an outer membrane efflux protein required for triclosan-specific efflux pump function.	triclosan
consensus.fasta	contig_1	4695021	4696454	-	basS	1-1434/1434	===============	0/0	100.00	99.65	card	JQ340365:0-1434	Histidine protein kinase sensor Lipid A modification gene; part of a two-component system involved in polymyxin resistance that senses high extracellular Fe(2+)	peptide
consensus.fasta	contig_1	4905900	4907063	+	MexC	1-1164/1164	===============	0/0	100.00	99.48	card	U57969:294-1458	MexC is the membrane fusion protein of the MexCD-OprJ multidrug efflux complex.	aminocoumarin;aminoglycoside;cephalosporin;diaminopyrimidine;fluoroquinolone;macrolide;penam;phenicol;tetracycline
consensus.fasta	contig_1	4907091	4910220	+	MexD	1-3132/3132	========/======	4/4	99.90	99.39	card	U57969:1485-4617	MexD is the multidrug inner membrane transporter of the MexCD-OprJ complex.	aminocoumarin;aminoglycoside;cephalosporin;diaminopyrimidine;fluoroquinolone;macrolide;penam;phenicol;tetracycline
consensus.fasta	contig_1	4910226	4911665	+	OprJ	1-1440/1440	===============	0/0	100.00	99.31	card	U57969:4622-6062	OprJ is the outer membrane channel component of the MexCD-OprJ multidrug efflux complex.	aminocoumarin;aminoglycoside;cephalosporin;diaminopyrimidine;fluoroquinolone;macrolide;penam;phenicol;tetracycline
consensus.fasta	contig_1	5058711	5058908	-	CrpP	1-198/198	===============	0/0	100.00	98.99	card	HM560971.1:119269-119071	A plasmid-encoded ciprofloxacin resistance protein identified from a Pseudomonas aeruginosa plasmid. CrpP confers resistance to ciprofloxacin by antibiotic inactivation through phosphorylation. Described by Chavez-Jacobo et al. 2018.	fluoroquinolone
consensus.fasta	contig_1	5258187	5261242	-	mexW	1-3057/3057	========/======	1/1	99.97	99.67	card	NC_002516.2:4904646-4907703	MexW is the RND-type membrane protein of the efflux complex MexVW-OprM.	acridine_dye;fluoroquinolone;macrolide;phenicol;tetracycline
consensus.fasta	contig_1	5261293	5262423	-	mexV	1-1131/1131	===============	0/0	100.00	99.56	card	AE004091.2:4903465-4904596	MexV is the membrane fusion protein of the MexVW-OprM multidrug efflux complex.	acridine_dye;fluoroquinolone;macrolide;phenicol;tetracycline
consensus.fasta	contig_1	5427031	5427669	-	Pseudomonas_aeruginosa_catB7	1-639/639	===============	0/0	100.00	99.69	card	NC_002516.2:780101-779462	catB7 is a chromosome-encoded variant of the cat gene found in Pseudomonas aeruginosa	phenicol
consensus.fasta	contig_1	5468010	5468848	-	sul1	1-840/840	========/======	1/1	99.88	99.88	card	JF969163:1053-1893	Sul1 is a sulfonamide resistant dihydropteroate synthase of Gram-negative bacteria. It is linked to other resistance genes of class 1 integrons.	sulfonamide
consensus.fasta	contig_1	5469346	5469879	-	ANT(2'')-Ia	1-534/534	===============	0/0	100.00	99.25	card	AF078527:3769-4303	Plasmid or integron-encoded nucleotidylylation of 2-deoxystreptamine aminoglycosides at the hydroxyl group at position 2'' in P. aeruginosa K. pneumoniae Morganella morganii E. coli S. typhimurium C. freundii and A. baumannii	aminoglycoside
consensus.fasta	contig_1	6038429	6038836	+	fosA	1-408/408	===============	0/0	100.00	98.78	card	AE004091.2:1221690-1222098	An enzyme that confers resistance to fosfomycin in Serratia marcescens by breaking the epoxide ring of the molecule. It depends on the cofactors Manganese (II) and Potassium and uses Glutathione (GSH) as the nucleophilic molecule. In Pseudomonas aeruginosa FosA catalyzes the conjugation of glutathione to carbon-1 of fosfomycin rendering it ineffective as an antibacterial drug.	fosfomycin
consensus.fasta	contig_1	6264081	6265237	+	mexM	1-1158/1158	========/======	1/1	99.91	98.96	card	AB219523.1:21-1179	mexM is the membrane fusion protein of the MexMN-OprM multidrug efflux complex.	phenicol
consensus.fasta	contig_1	6265234	6268341	+	mexN	1-3111/3111	========/======	3/3	99.90	99.29	card	AB219523.1:1175-4286	MexN is the inner membrane transporter of the MexMN-OprM multidrug efflux complex.	phenicol
consensus.fasta	contig_1	6422924	6424357	-	PmpM	1-1434/1434	===============	0/0	100.00	99.79	card	AE004091.2:1473980-1472546	PmpM is a multidrug efflux pump belonging to the MATE family of Pseudomonas aeruginosa. PmpM is an H+ drug antiporter and is the first reported case of an H+ coupled efflux pump in the MATE family. PmpM confers resistance to fluoroquinolones fradiomycin benzalkonium chloride chlorhexidine gluconate ethidium bromide tetraphenylphosphonium chloride (TPPCl) and rhodamine 6G.	aminoglycoside;benzalkonium_chloride;fluoroquinolone
